Year,Month,Rank,Country,Cores,Power (kW),Manufacturer,Operating System,Memory (GB),Processor,Rmax (TFlop/s),Rpeak (TFlop/s)
2000,6,1,United States,9632.0,,Intel,ParagonOS,0.0,PentiumPro333MHz,2.379,3.207
2000,6,2,United States,5808.0,,IBM,AIX,0.0,PowerPC604e332MHz,2.144,3.8565
2000,6,3,United States,6144.0,,HPE,IRIX,0.0,R10000250MHz,1.608,3.072
2000,6,4,United States,1336.0,,IBM,AIX,0.0,POWER3375MHz,1.417,2.004
2000,6,5,Germany,112.0,,Hitachi,HI-UX/MPP,0.0,HitachiSR8000375MHz,1.035,1.344
2000,6,6,Japan,100.0,,Hitachi,HI-UX/MPP,0.0,HitachiSR8000375MHz,0.917,1.2
2000,6,7,United States,1084.0,,Cray/HPE,UNICOS,0.0,EV56598MHz,0.891,1.3008
2000,6,8,United States,1084.0,,Cray/HPE,UNICOS,0.0,EV56598MHz,0.891,1.3008
2000,6,9,Japan,128.0,,Hitachi,HI-UX/MPP,0.0,HitachiSR8000250MHz,0.873,1.024
2000,6,10,United States,1324.0,,Cray/HPE,UNICOS,0.0,EV5450MHz,0.815,1.1916
2000,11,1,United States,8192.0,,IBM,AIX,0.0,POWER3375MHz,4.938,12.288
2000,11,2,United States,9632.0,,Intel,ParagonOS,0.0,PentiumPro333MHz,2.379,3.207
2000,11,3,United States,5808.0,,IBM,AIX,0.0,PowerPC604e332MHz,2.144,3.8565
2000,11,4,United States,6144.0,,HPE,IRIX,0.0,R10000250MHz,1.608,3.072
2000,11,5,United States,1336.0,,IBM,AIX,0.0,POWER3375MHz,1.417,2.004
2000,11,6,United States,1104.0,,IBM,AIX,0.0,POWER3375MHz,1.179,1.656
2000,11,7,Germany,112.0,,Hitachi,HI-UX/MPP,0.0,HitachiSR8000375MHz,1.035,1.344
2000,11,8,United States,1152.0,,IBM,AIX,0.0,POWER3375MHz,0.929,1.728
2000,11,9,Japan,100.0,,Hitachi,HI-UX/MPP,0.0,HitachiSR8000375MHz,0.917,1.2
2000,11,10,United States,1084.0,,Cray/HPE,UNICOS,0.0,EV56598MHz,0.892,1.3008
2001,6,1,United States,8192.0,,IBM,AIX,0.0,POWER3375MHz,7.226,12.288
2001,6,2,United States,2528.0,,IBM,AIX,0.0,POWER3375MHz,2.526,3.792
2001,6,3,United States,9632.0,,Intel,ParagonOS,0.0,PentiumPro333MHz,2.379,3.207
2001,6,4,United States,5808.0,,IBM,AIX,0.0,PowerPC604e332MHz,2.144,3.8565
2001,6,5,Japan,1152.0,,Hitachi,HI-UX/MPP,0.0,HitachiSR8000450MHz,1.7090999999999998,2.074
2001,6,6,United States,6144.0,,HPE,IRIX,0.0,R10000250MHz,1.608,3.072
2001,6,7,United States,1336.0,,IBM,AIX,0.0,POWER3375MHz,1.417,2.004
2001,6,8,Japan,128.0,,NEC,Super-UX,0.0,NEC312MHz,1.192,1.28
2001,6,9,United States,1104.0,,IBM,AIX,0.0,POWER3375MHz,1.179,1.656
2001,6,10,United States,1104.0,,IBM,AIX,0.0,POWER3375MHz,1.179,1.656
2001,11,1,United States,8192.0,,IBM,AIX,0.0,POWER3375MHz,7.226,12.288
2001,11,2,United States,3024.0,,HP,Tru64UNIX,0.0,Alpha1GHz,4.059,6.048
2001,11,3,United States,3328.0,,IBM,AIX,0.0,POWER3375MHz,3.052,4.992
2001,11,4,United States,9632.0,,Intel,ParagonOS,0.0,PentiumPro333MHz,2.379,3.207
2001,11,5,United States,5808.0,,IBM,AIX,0.0,PowerPC604e332MHz,2.144,3.8565
2001,11,6,United States,1536.0,,HP,Tru64UNIX,0.0,Alpha1GHz,2.096,3.072
2001,11,7,Japan,1152.0,,Hitachi,HI-UX/MPP,0.0,HitachiSR8000450MHz,1.7090999999999998,2.074
2001,11,8,United States,6144.0,,HPE,IRIX,0.0,R10000250MHz,1.608,3.072
2001,11,9,United States,1336.0,,IBM,AIX,0.0,POWER3375MHz,1.417,2.004
2001,11,10,Germany,1280.0,,IBM,AIX,0.0,POWER3375MHz,1.293,1.92
2002,6,1,Japan,5120.0,3200.0,NEC,Super-UX,0.0,NEC1GHz,35.86,40.96
2002,6,2,United States,8192.0,,IBM,AIX,0.0,POWER3375MHz,7.226,12.288
2002,6,3,United States,3016.0,,HP,Tru64UNIX,0.0,Alpha1GHz,4.463,6.032
2002,6,4,France,2560.0,,HP,Tru64UNIX,0.0,Alpha1GHz,3.98,5.12
2002,6,5,United States,3328.0,,IBM,AIX,0.0,POWER3375MHz,3.052,4.992
2002,6,6,United States,2048.0,,HP,Tru64UNIX,0.0,Alpha1GHz,2.916,4.096
2002,6,7,United States,9632.0,,Intel,ParagonOS,0.0,PentiumPro333MHz,2.379,3.207
2002,6,8,United States,864.0,,IBM,AIX,0.0,POWER42C1.3GHz,2.31,4.4928
2002,6,9,United States,5808.0,,IBM,AIX,0.0,PowerPC604e332MHz,2.144,3.8565
2002,6,10,United States,768.0,,IBM,AIX,0.0,POWER42C1.3GHz,2.05,3.9936
2002,11,1,Japan,5120.0,3200.0,NEC,Super-UX,0.0,NEC1GHz,35.86,40.96
2002,11,2,United States,4096.0,,HP,Tru64UNIX,0.0,Alpha1.25GHz,7.727,10.24
2002,11,3,United States,4096.0,,HP,Tru64UNIX,0.0,Alpha1.25GHz,7.727,10.24
2002,11,4,United States,8192.0,,IBM,AIX,0.0,POWER3375MHz,7.226,12.288
2002,11,5,United States,2304.0,,LinuxNetworx/Quadrics,Linux,0.0,Pentium4Xeon2.4GHz,5.694,11.06
2002,11,6,United States,3016.0,,HP,Tru64UNIX,0.0,Alpha1GHz,4.463,6.032
2002,11,7,France,2560.0,,HP,Tru64UNIX,0.0,Alpha1GHz,3.98,5.12
2002,11,8,United States,1536.0,,HPTi,Linux,0.0,Pentium4Xeon2.2GHz,3.337,6.758
2002,11,9,United Kingdom,1280.0,,IBM,AIX,0.0,POWER42C1.3GHz,3.241,6.656
2002,11,10,United States,1216.0,,IBM,AIX,0.0,POWER42C1.3GHz,3.164,6.323
2003,6,1,Japan,5120.0,3200.0,NEC,Super-UX,0.0,NEC1GHz,35.86,40.96
2003,6,2,United States,8192.0,,HP,Tru64UNIX,0.0,Alpha1.25GHz,13.88,20.48
2003,6,3,United States,2304.0,,LinuxNetworx/Quadrics,Linux,0.0,Pentium4Xeon2.4GHz,7.634,11.06
2003,6,4,United States,8192.0,,IBM,AIX,0.0,POWER3375MHz,7.304,12.288
2003,6,5,United States,6656.0,,IBM,AIX,0.0,POWER3375MHz,7.304,9.984
2003,6,6,United States,1920.0,,IBM/Quadrics,Linux,0.0,Pentium4Xeon2.4GHz,6.586,9.216
2003,6,7,Japan,2304.0,,Fujitsu,Solaris,0.0,SPARC64V1.3GHz,5.406,11.98
2003,6,8,United States,1540.0,,HP,Linux,0.0,Itanium21GHz,4.881,6.16
2003,6,9,United States,3016.0,,HP,Tru64UNIX,0.0,Alpha1GHz,4.463,6.032
2003,6,10,France,2560.0,,HP,Tru64UNIX,0.0,Alpha1GHz,3.98,5.12
2003,11,1,Japan,5120.0,3200.0,NEC,Super-UX,0.0,NEC1GHz,35.86,40.96
2003,11,2,United States,8192.0,,HP,Tru64UNIX,0.0,Alpha1.25GHz,13.88,20.48
2003,11,3,United States,2200.0,,Self-made,MacOSX,0.0,PowerPC9702C2GHz,10.28,17.6
2003,11,4,United States,2500.0,,DELLEMC,Linux,0.0,Pentium4Xeon3.06GHz,9.819,15.3
2003,11,5,United States,1936.0,,HPE,Linux,0.0,Itanium21.5GHz,8.633,11.616
2003,11,6,United States,2816.0,,LNXI,Linux,0.0,Opteron2GHz,8.051,11.264
2003,11,7,United States,2304.0,,LinuxNetworx/Quadrics,Linux,0.0,Pentium4Xeon2.4GHz,7.634,11.06
2003,11,8,United States,8192.0,,IBM,AIX,0.0,POWER3375MHz,7.304,12.288
2003,11,9,United States,6656.0,,IBM,AIX,0.0,POWER3375MHz,7.304,9.984
2003,11,10,United States,1920.0,,IBM/Quadrics,Linux,0.0,Pentium4Xeon2.4GHz,6.586,9.216
2004,6,1,Japan,5120.0,3200.0,NEC,Super-UX,0.0,NEC1GHz,35.86,40.96
2004,6,2,United States,4096.0,,CaliforniaDigitalCorporation,Linux,0.0,Itanium21.4GHz,19.94,22.938
2004,6,3,United States,8192.0,,HP,Tru64UNIX,0.0,Alpha1.25GHz,13.88,20.48
2004,6,4,United States,8192.0,,IBM/LLNL,Linux,0.0,PowerPC4402C500MHz,11.68,16.384
2004,6,5,United States,2500.0,,DELLEMC,Linux,0.0,Pentium4Xeon3.06GHz,9.819,15.3
2004,6,6,United Kingdom,2112.0,,IBM,AIX,0.0,POWER4+2C1.9GHz,8.955,16.051
2004,6,7,Japan,2048.0,,Fujitsu,Linux,0.0,Pentium4Xeon3.06GHz,8.728,12.534
2004,6,8,United States,4096.0,,IBM/LLNL,Linux,0.0,PowerPC4402C700MHz,8.655,11.469
2004,6,9,United States,1936.0,,HPE,Linux,0.0,Itanium21.5GHz,8.633,11.616
2004,6,10,China,2560.0,,Dawning,Linux,0.0,Opteron2.2GHz,8.061,11.264
2004,11,1,United States,32768.0,,IBM,Linux,0.0,PowerPC4402C700MHz,70.72,91.75
2004,11,2,United States,10160.0,,HPE,Linux,0.0,Itanium2Montecito2C1.6GHz,51.87,60.96
2004,11,3,Japan,5120.0,3200.0,NEC,Super-UX,0.0,NEC1GHz,35.86,40.96
2004,11,4,Spain,3564.0,,IBM,Linux,0.0,PowerPC9702C2.2GHz,20.53,31.363
2004,11,5,United States,4096.0,,CaliforniaDigitalCorporation,Linux,0.0,Itanium21.4GHz,19.94,22.938
2004,11,6,United States,8192.0,,HP,Tru64UNIX,0.0,Alpha1.25GHz,13.88,20.48
2004,11,7,United States,2200.0,,Self-made,MacOSX,0.0,PowerPC9702C2.3GHz,12.25,20.24
2004,11,8,United States,8192.0,,IBM/LLNL,Linux,0.0,PowerPC4402C500MHz,11.68,16.384
2004,11,9,United States,2944.0,,IBM,AIX,0.0,POWER4+2C1.7GHz,10.31,20.0192
2004,11,10,United States,2500.0,,DELLEMC,Linux,0.0,Pentium4Xeon3.06GHz,9.819,15.3
2005,6,1,United States,65536.0,716.0,IBM,CNK/SLES9,0.0,PowerPC4402C700MHz,136.8,183.5
2005,6,2,United States,40960.0,448.0,IBM,CNK/SLES9,0.0,PowerPC4402C700MHz,91.3,114.7
2005,6,3,United States,10160.0,,HPE,Linux,0.0,Itanium2Montecito2C1.6GHz,51.9,61.0
2005,6,4,Japan,5120.0,3200.0,NEC,Super-UX,0.0,NEC1GHz,35.9,41.0
2005,6,5,Spain,4800.0,,IBM,Linux,0.0,PowerPC9702C2.2GHz,27.9,42.1
2005,6,6,Netherlands,12288.0,134.0,IBM,CNK/SLES9,0.0,PowerPC4402C700MHz,27.4,34.4
2005,6,7,United States,4096.0,,CaliforniaDigitalCorporation,Linux,0.0,Itanium21.4GHz,19.9,22.9
2005,6,8,Japan,8192.0,89.0,IBM,CNK/SLES9,0.0,PowerPC4402C700MHz,18.2,22.9
2005,6,9,Switzerland,8192.0,89.0,IBM,CNK/SLES9,0.0,PowerPC4402C700MHz,18.2,22.9
2005,6,10,United States,5000.0,,Cray/HPE,UNICOS/Linux,0.0,Opteron2GHz,15.2,20.0
2005,11,1,United States,131072.0,1433.0,IBM,CNK/SLES9,0.0,PowerPC4402C700MHz,280.6,367.0
2005,11,2,United States,40960.0,448.0,IBM,CNK/SLES9,0.0,PowerPC4402C700MHz,91.3,114.7
2005,11,3,United States,10240.0,1671.0,IBM,AIX,0.0,POWER52C1.9GHz,63.4,77.8
2005,11,4,United States,10160.0,,HPE,Linux,0.0,Itanium2Montecito2C1.6GHz,51.9,61.0
2005,11,5,United States,8000.0,,DELLEMC,Linux,0.0,XeonEM64T3.6GHz,38.3,57.6
2005,11,6,United States,10880.0,,Cray/HPE,UNICOS/Linux,0.0,Opteron2GHz,36.2,43.5
2005,11,7,Japan,5120.0,3200.0,NEC,Super-UX,0.0,NEC1GHz,35.9,41.0
2005,11,8,Spain,4800.0,,IBM,Linux,0.0,PowerPC9702C2.2GHz,27.9,42.1
2005,11,9,Netherlands,12288.0,134.0,IBM,CNK/SLES9,0.0,PowerPC4402C700MHz,27.4,34.4
2005,11,10,United States,5200.0,,Cray/HPE,UNICOS,0.0,Opteron2.4GHz,20.5,25.0
2006,6,1,United States,131072.0,1433.0,IBM,CNK/SLES9,0.0,PowerPC4402C700MHz,280.6,367.0
2006,6,2,United States,40960.0,448.0,IBM,CNK/SLES9,0.0,PowerPC4402C700MHz,91.3,114.7
2006,6,3,United States,12208.0,1992.0,IBM,AIX,0.0,POWER52C1.9GHz,75.8,92.8
2006,6,4,United States,10160.0,,HPE,Linux,0.0,Itanium2Montecito2C1.6GHz,51.9,61.0
2006,6,5,France,8704.0,,Atos,Linux,0.0,Itanium2Montecito2C1.6GHz,42.9,55.7
2006,6,6,United States,9024.0,,DELLEMC,Linux,0.0,XeonEM64T3.6GHz,38.3,65.0
2006,6,7,Japan,10368.0,,NEC/Sun,Linux,0.0,OpteronDualCore2C2.4GHz,38.2,49.9
2006,6,8,Germany,16384.0,179.0,IBM,CNK/SLES9,0.0,PowerPC4402C700MHz,37.3,45.9
2006,6,9,United States,10880.0,,Cray/HPE,UNICOS/Linux,0.0,Opteron2GHz,36.2,43.5
2006,6,10,Japan,5120.0,3200.0,NEC,Super-UX,0.0,NEC1GHz,35.9,41.0
2006,11,1,United States,131072.0,1433.0,IBM,CNK/SLES9,0.0,PowerPC4402C700MHz,280.6,367.0
2006,11,2,United States,26544.0,,Cray/HPE,UNICOS,0.0,OpteronDualCore2C2.4GHz,101.4,127.4
2006,11,3,United States,40960.0,448.0,IBM,CNK/SLES9,0.0,PowerPC4402C700MHz,91.3,114.7
2006,11,4,United States,12208.0,1992.0,IBM,AIX,0.0,POWER52C1.9GHz,75.8,92.8
2006,11,5,Spain,10240.0,,IBM,Linux,0.0,PowerPC9702C2.3GHz,62.6,94.2
2006,11,6,United States,9024.0,,DELLEMC,Linux,0.0,XeonEM64T3.6GHz,53.0,65.0
2006,11,7,France,9968.0,,Atos,Linux,0.0,Itanium2Montecito2C1.6GHz,52.8,63.8
2006,11,8,United States,10160.0,,HPE,Linux,0.0,Itanium2Montecito2C1.6GHz,51.9,61.0
2006,11,9,Japan,11088.0,,NEC/Sun,Linux,0.0,OpteronDualCore2C2.4GHz,47.4,82.1
2006,11,10,United States,10424.0,,Cray/HPE,UNICOS/Linux,0.0,OpteronDualCore2C2.6GHz,43.5,54.2
2007,6,1,United States,131072.0,1433.0,IBM,CNK/SLES9,0.0,PowerPC4402C700MHz,280.6,367.0
2007,6,2,United States,23016.0,,Cray/HPE,UNICOS/SUSELinux,0.0,OpteronDualCore2C2.6GHz,101.7,119.3
2007,6,3,United States,26544.0,,Cray/HPE,UNICOS,0.0,OpteronDualCore2C2.4GHz,101.4,127.4
2007,6,4,United States,40960.0,448.0,IBM,CNK/SLES9,0.0,PowerPC4402C700MHz,91.3,114.7
2007,6,5,United States,36864.0,403.0,IBM,CNK/SLES9,0.0,PowerPC4402C700MHz,82.2,103.2
2007,6,6,United States,12208.0,1992.0,IBM,AIX,0.0,POWER52C1.9GHz,75.8,92.8
2007,6,7,United States,32768.0,358.0,IBM,CNK/SLES9,0.0,PowerPC4402C700MHz,73.0,91.8
2007,6,8,United States,9600.0,,DELLEMC,Linux,0.0,XeonE53454C2.33GHz,62.7,89.6
2007,6,9,Spain,10240.0,,IBM,Linux,0.0,PowerPC9702C2.3GHz,62.6,94.2
2007,6,10,Germany,9728.0,990.0,HPE,SUSELinuxEnterpriseServer10,0.0,Itanium2Montecito2C1.6GHz,56.5,62.3
2007,11,1,United States,212992.0,2329.0,IBM,CNK/SLES9,0.0,PowerPC4402C700MHz,478.2,596.4
2007,11,2,Germany,65536.0,504.0,IBM,CNK/SLES9,0.0,PowerPC4504C850MHz,167.3,222.8
2007,11,3,United States,14336.0,,HPE,SLES10+SGIProPack5,0.0,XeonX53654C3GHz,126.9,172.0
2007,11,4,India,14240.0,,HPE,Linux,0.0,XeonX53654C3GHz,117.9,170.9
2007,11,5,Sweden,13728.0,,HPE,Linux,0.0,XeonX53554C2.67GHz,102.8,146.4
2007,11,6,United States,26569.0,,Cray/HPE,UNICOS,0.0,OpteronDualCore2C2.4GHz,102.2,127.5
2007,11,7,United States,23016.0,,Cray/HPE,UNICOS/SUSELinux,0.0,OpteronDualCore2C2.6GHz,101.7,119.3
2007,11,8,United States,40960.0,448.0,IBM,CNK/SLES9,0.0,PowerPC4402C700MHz,91.3,114.7
2007,11,9,United States,19320.0,1150.0,Cray/HPE,UNICOS/Linux,0.0,OpteronDualCore2C2.6GHz,85.4,100.5
2007,11,10,United States,36864.0,403.0,IBM,CNK/SLES9,0.0,PowerPC4402C700MHz,82.2,103.2
2008,6,1,United States,122400.0,2345.0,IBM,Linux,0.0,PowerXCell8i9C3.2GHz,1026.0,1375.8
2008,6,2,United States,212992.0,2329.0,IBM,CNK/SLES9,0.0,PowerPC4402C700MHz,478.2,596.4
2008,6,3,United States,66000.0,,Cray/HPE,CNL,0.0,OpteronQuadCore4C2.3GHz,463.3,607.2
2008,6,4,United States,163840.0,1260.0,IBM,CNK/SLES9,0.0,PowerPC4504C850MHz,450.3,557.1
2008,6,5,United States,62976.0,2000.0,Sun,Linux,0.0,OpteronQuadCore4C2GHz,326.0,503.8
2008,6,6,United States,30976.0,1580.0,Cray/HPE,CNL,0.0,OpteronQuadCore4C2.1GHz,205.0,260.2
2008,6,7,Germany,65536.0,504.0,IBM,CNK/SLES9,0.0,PowerPC4504C850MHz,180.0,222.8
2008,6,8,United States,14336.0,861.0,HPE,SLES10+SGIProPack5,0.0,XeonX53654C3GHz,133.2,172.0
2008,6,9,India,14384.0,786.0,HPE,Linux,0.0,XeonX53654C3GHz,132.8,172.6
2008,6,10,France,40960.0,315.0,IBM,CNK/SLES9,0.0,PowerPC4504C850MHz,112.5,139.3
2008,11,1,United States,129600.0,2483.0,IBM,Linux,0.0,PowerXCell8i9C3.2GHz,1105.0,1456.7
2008,11,2,United States,150152.0,6950.0,Cray/HPE,CNL,0.0,OpteronQuadCore4C2.3GHz,1059.0,1381.4
2008,11,3,United States,51200.0,2090.0,HPE,SLES10+SGIProPack5,0.0,XeonE54504C3GHz,487.0,608.8
2008,11,4,United States,212992.0,2329.0,IBM,CNK/SLES9,0.0,PowerPC4402C700MHz,478.2,596.4
2008,11,5,United States,66000.0,,Cray/HPE,CNL,0.0,OpteronQuadCore4C2.3GHz,463.3,607.2
2008,11,6,United States,163840.0,1260.0,IBM,CNK/SLES9,0.0,PowerPC4504C850MHz,450.3,557.1
2008,11,7,United States,62976.0,2000.0,Sun,Linux,0.0,OpteronQuadCore4C2.3GHz,433.2,579.4
2008,11,8,United States,38642.0,1150.0,Cray/HPE,CNL,0.0,OpteronQuadCore4C2.3GHz,266.3,355.5
2008,11,9,United States,30976.0,1580.0,Cray/HPE,CNL,0.0,OpteronQuadCore4C2.1GHz,205.0,260.2
2008,11,10,United States,38208.0,2506.0,Cray/HPE,UNICOS,0.0,OpteronDualCore2C2.4GHz,204.2,284.0
2009,6,1,United States,129600.0,2483.0,IBM,Linux,0.0,PowerXCell8i9C3.2GHz,1105.0,1456.7
2009,6,2,United States,150152.0,6950.0,Cray/HPE,CNL,0.0,OpteronQuadCore4C2.3GHz,1059.0,1381.4
2009,6,3,Germany,294912.0,2268.0,IBM,CNK/SLES9,0.0,PowerPC4504C850MHz,825.5,1002.7
2009,6,4,United States,51200.0,2090.0,HPE,SLES10+SGIProPack5,0.0,XeonE54504C3GHz,487.0,608.8
2009,6,5,United States,212992.0,2329.0,IBM,CNK/SLES9,0.0,PowerPC4402C700MHz,478.2,596.4
2009,6,6,United States,66000.0,,Cray/HPE,CNL,0.0,OpteronQuadCore4C2.3GHz,463.3,607.2
2009,6,7,United States,163840.0,1260.0,IBM,CNK/SLES9,0.0,PowerPC4504C850MHz,458.6,557.1
2009,6,8,United States,62976.0,2000.0,Sun,Linux,0.0,OpteronQuadCore4C2.3GHz,433.2,579.4
2009,6,9,United States,147456.0,1134.0,IBM,CNK/SLES9,0.0,PowerPC4504C850MHz,415.7,501.4
2009,6,10,Germany,26304.0,1549.0,Atos,SUSELinux,0.0,XeonX55704C2.93GHz,274.8,308.3
2009,11,1,United States,224162.0,6950.0,Cray/HPE,CrayLinuxEnvironment,598016.0,Opteron627416C2.2GHz,1759.0,2331.0
2009,11,2,United States,122400.0,2345.0,IBM,Linux,0.0,PowerXCell8i9C3.2GHz,1042.0,1375.8
2009,11,3,United States,98928.0,3090.0,Cray/HPE,Linux,0.0,OpteronSixCore6C2.6GHz,831.7,1028.9
2009,11,4,Germany,294912.0,2268.0,IBM,CNK/SLES9,0.0,PowerPC4504C850MHz,825.5,1002.7
2009,11,5,China,71680.0,,NUDT,Linux,0.0,XeonE55404C2.53GHz,563.1,1206.2
2009,11,6,United States,56320.0,2348.0,HPE,SLES10+SGIProPack5,0.0,XeonE54504C3GHz,544.3,673.3
2009,11,7,United States,212992.0,2329.0,IBM,CNK/SLES9,0.0,PowerPC4402C700MHz,478.2,596.4
2009,11,8,United States,163840.0,1260.0,IBM,CNK/SLES9,0.0,PowerPC4504C850MHz,458.6,557.1
2009,11,9,United States,62976.0,2000.0,Sun,Linux,0.0,OpteronQuadCore4C2.3GHz,433.2,579.4
2009,11,10,United States,41616.0,,Sun,CentOS,0.0,XeonX55704C2.93GHz,423.9,487.7
2010,6,1,United States,224162.0,6950.0,Cray/HPE,CrayLinuxEnvironment,598016.0,Opteron627416C2.2GHz,1759.0,2331.0
2010,6,2,China,120640.0,2580.0,Sugon,Linux,0.0,XeonX56506C2.66GHz,1271.0,2984.3
2010,6,3,United States,122400.0,2345.0,IBM,Linux,0.0,PowerXCell8i9C3.2GHz,1042.0,1375.8
2010,6,4,United States,98928.0,3090.0,Cray/HPE,Linux,0.0,OpteronSixCore6C2.6GHz,831.7,1028.9
2010,6,5,Germany,294912.0,2268.0,IBM,CNK/SLES9,0.0,PowerPC4504C850MHz,825.5,1002.7
2010,6,6,United States,81920.0,3096.0,HPE,Linux,0.0,XeonE54504C3GHz,772.7,973.3
2010,6,7,China,71680.0,,NUDT,Linux,0.0,XeonE55404C2.53GHz,563.1,1206.2
2010,6,8,United States,212992.0,2329.0,IBM,CNK/SLES9,0.0,PowerPC4402C700MHz,478.2,596.4
2010,6,9,United States,163840.0,1260.0,IBM,CNK/SLES9,0.0,PowerPC4504C850MHz,458.6,557.1
2010,6,10,United States,42440.0,4344.0,Sun,CentOS,0.0,XeonX55704C2.93GHz,433.5,497.4
2010,11,1,China,186368.0,4040.0,NUDT,Linux,0.0,XeonX56706C2.93GHz,2566.0,4701.0
2010,11,2,United States,224162.0,6950.0,Cray/HPE,CrayLinuxEnvironment,598016.0,Opteron627416C2.2GHz,1759.0,2331.0
2010,11,3,China,120640.0,2580.0,Sugon,Linux,0.0,XeonX56506C2.66GHz,1271.0,2984.3
2010,11,4,Japan,73278.0,1399.0,NEC/HPE,Linux,90919.0,XeonX56706C2.93GHz,1192.0,2287.6
2010,11,5,United States,153408.0,2910.0,Cray/HPE,Linux,0.0,Opteron617212C2.1GHz,1054.0,1288.6
2010,11,6,France,138368.0,4590.0,Atos,Linux,0.0,XeonX75608C2.26GHz,1050.0,1254.5
2010,11,7,United States,122400.0,2345.0,IBM,Linux,0.0,PowerXCell8i9C3.2GHz,1042.0,1375.8
2010,11,8,United States,98928.0,3090.0,Cray/HPE,Linux,0.0,OpteronSixCore6C2.6GHz,831.7,1028.9
2010,11,9,Germany,294912.0,2268.0,IBM,CNK/SLES9,0.0,PowerPC4504C850MHz,825.5,1002.7
2010,11,10,United States,107152.0,2950.0,Cray/HPE,Linux,0.0,Opteron61368C2.4GHz,816.6,1028.7
2011,6,1,Japan,548352.0,9899.0,Fujitsu,Linux,0.0,SPARC64VIIIfx8C2GHz,8162.0,8773.6
2011,6,2,China,186368.0,4040.0,NUDT,Linux,0.0,XeonX56706C2.93GHz,2566.0,4701.0
2011,6,3,United States,224162.0,6950.0,Cray/HPE,CrayLinuxEnvironment,598016.0,Opteron627416C2.2GHz,1759.0,2331.0
2011,6,4,China,120640.0,2580.0,Sugon,Linux,0.0,XeonX56506C2.66GHz,1271.0,2984.3
2011,6,5,Japan,73278.0,1399.0,NEC/HPE,Linux,90919.0,XeonX56706C2.93GHz,1192.0,2287.6
2011,6,6,United States,142272.0,3980.0,Cray/HPE,Linux,0.0,Opteron61368C2.4GHz,1110.0,1365.8
2011,6,7,United States,111104.0,4102.0,HPE,SUSELinuxEnterpriseServer11,211968.0,IntelXeonE5-2680v210C2.8GHz,1088.0,1315.3
2011,6,8,United States,153408.0,2910.0,Cray/HPE,Linux,0.0,Opteron617212C2.1GHz,1054.0,1288.6
2011,6,9,France,138368.0,4590.0,Atos,Linux,0.0,XeonX75608C2.26GHz,1050.0,1254.5
2011,6,10,United States,122400.0,2345.0,IBM,Linux,0.0,PowerXCell8i9C3.2GHz,1042.0,1375.8
2011,11,1,Japan,705024.0,12660.0,Fujitsu,Linux,0.0,SPARC64VIIIfx8C2GHz,10510.0,11280.4
2011,11,2,China,186368.0,4040.0,NUDT,Linux,0.0,XeonX56706C2.93GHz,2566.0,4701.0
2011,11,3,United States,224162.0,6950.0,Cray/HPE,CrayLinuxEnvironment,598016.0,Opteron627416C2.2GHz,1759.0,2331.0
2011,11,4,China,120640.0,2580.0,Sugon,Linux,0.0,XeonX56506C2.66GHz,1271.0,2984.3
2011,11,5,Japan,73278.0,1399.0,NEC/HPE,Linux,90919.0,XeonX56706C2.93GHz,1192.0,2287.6
2011,11,6,United States,142272.0,3980.0,Cray/HPE,Linux,0.0,Opteron61368C2.4GHz,1110.0,1365.8
2011,11,7,United States,111104.0,4102.0,HPE,SUSELinuxEnterpriseServer11,211968.0,IntelXeonE5-2680v210C2.8GHz,1088.0,1315.3
2011,11,8,United States,153408.0,2910.0,Cray/HPE,Linux,0.0,Opteron617212C2.1GHz,1054.0,1288.6
2011,11,9,France,138368.0,4590.0,Atos,Linux,0.0,XeonX75608C2.26GHz,1050.0,1254.5
2011,11,10,United States,122400.0,2345.0,IBM,Linux,0.0,PowerXCell8i9C3.2GHz,1042.0,1375.8
2012,6,1,United States,1572864.0,7890.0,IBM,Linux,65536.0,PowerBQC16C1.6GHz,16324.8,20132.7
2012,6,2,Japan,705024.0,12660.0,Fujitsu,Linux,0.0,SPARC64VIIIfx8C2GHz,10510.0,11280.4
2012,6,3,United States,786432.0,3945.0,IBM,Linux,65536.0,PowerBQC16C1.6GHz,8162.4,10066.3
2012,6,4,Germany,147456.0,3423.0,IBM/Lenovo,Linux,0.0,XeonE5-26808C2.7GHz,2897.0,3185.1
2012,6,5,China,186368.0,4040.0,NUDT,Linux,0.0,XeonX56706C2.93GHz,2566.0,4701.0
2012,6,6,United States,298592.0,5142.0,Cray/HPE,CrayLinuxEnvironment,598016.0,Opteron627416C2.2GHz,1941.0,2627.6
2012,6,7,Italy,163840.0,822.0,IBM,Linux,65536.0,PowerBQC16C1.6GHz,1725.5,2097.2
2012,6,8,Germany,131072.0,658.0,IBM,Linux,65536.0,PowerBQC16C1.6GHz,1380.4,1677.7
2012,6,9,France,77184.0,2132.0,Atos,bullxSUperCOmputerSuiteA.E.2.1,72576.0,XeonE5-26808C2.7GHz,1359.0,1667.2
2012,6,10,China,120640.0,2580.0,Sugon,Linux,0.0,XeonX56506C2.66GHz,1271.0,2984.3
2012,11,1,United States,560640.0,8209.0,Cray/HPE,CrayLinuxEnvironment,710144.0,Opteron627416C2.2GHz,17590.0,27112.5
2012,11,2,United States,1572864.0,7890.0,IBM,Linux,65536.0,PowerBQC16C1.6GHz,16324.8,20132.7
2012,11,3,Japan,705024.0,12660.0,Fujitsu,Linux,0.0,SPARC64VIIIfx8C2GHz,10510.0,11280.4
2012,11,4,United States,786432.0,3945.0,IBM,Linux,65536.0,PowerBQC16C1.6GHz,8162.4,10066.3
2012,11,5,Germany,393216.0,1970.0,IBM,Linux,65536.0,PowerBQC16C1.6GHz,4141.2,5033.2
2012,11,6,Germany,147456.0,3423.0,IBM/Lenovo,Linux,0.0,XeonE5-26808C2.7GHz,2897.0,3185.1
2012,11,7,United States,204900.0,,DELLEMC,Linux,204800.0,XeonE5-26808C2.7GHz,2660.3,3959.0
2012,11,8,China,186368.0,4040.0,NUDT,Linux,0.0,XeonX56706C2.93GHz,2566.0,4701.0
2012,11,9,Italy,163840.0,822.0,IBM,Linux,65536.0,PowerBQC16C1.6GHz,1725.5,2097.2
2012,11,10,United States,63360.0,3576.0,IBM,Linux,0.0,POWER78C3.84GHz,1515.0,1944.4
2013,6,1,China,3120000.0,17808.0,NUDT,KylinLinux,2277376.0,IntelXeonE5-2692v212C2.2GHz,33862.7,54902.4
2013,6,2,United States,560640.0,8209.0,Cray/HPE,CrayLinuxEnvironment,710144.0,Opteron627416C2.2GHz,17590.0,27112.5
2013,6,3,United States,1572864.0,7890.0,IBM,Linux,65536.0,PowerBQC16C1.6GHz,17173.2,20132.7
2013,6,4,Japan,705024.0,12660.0,Fujitsu,Linux,0.0,SPARC64VIIIfx8C2GHz,10510.0,11280.4
2013,6,5,United States,786432.0,3945.0,IBM,Linux,65536.0,PowerBQC16C1.6GHz,8586.6,10066.3
2013,6,6,United States,462462.0,4510.0,DELLEMC,Linux,204800.0,XeonE5-26808C2.7GHz,5168.1,8520.1
2013,6,7,Germany,458752.0,2301.0,IBM,Linux,65536.0,PowerBQC16C1.6GHz,5008.9,5872.0
2013,6,8,Germany,458752.0,2301.0,IBM,Linux,65536.0,PowerBQC16C1.6GHz,5008.9,5872.0
2013,6,9,United States,393216.0,1972.0,IBM,Linux,65536.0,PowerBQC16C1.6GHz,4293.3,5033.2
2013,6,10,Germany,147456.0,3423.0,IBM/Lenovo,Linux,0.0,XeonE5-26808C2.7GHz,2897.0,3185.1
2013,11,1,China,3120000.0,17808.0,NUDT,KylinLinux,2277376.0,IntelXeonE5-2692v212C2.2GHz,33862.7,54902.4
2013,11,2,United States,560640.0,8209.0,Cray/HPE,CrayLinuxEnvironment,710144.0,Opteron627416C2.2GHz,17590.0,27112.5
2013,11,3,United States,1572864.0,7890.0,IBM,Linux,65536.0,PowerBQC16C1.6GHz,17173.2,20132.7
2013,11,4,Japan,705024.0,12660.0,Fujitsu,Linux,0.0,SPARC64VIIIfx8C2GHz,10510.0,11280.4
2013,11,5,United States,786432.0,3945.0,IBM,Linux,65536.0,PowerBQC16C1.6GHz,8586.6,10066.3
2013,11,6,Switzerland,115984.0,1754.0,Cray/HPE,CrayLinuxEnvironment,365056.0,XeonE5-2690v312C2.6GHz,6271.0,7788.9
2013,11,7,United States,462462.0,4510.0,DELLEMC,Linux,204800.0,XeonE5-26808C2.7GHz,5168.1,8520.1
2013,11,8,Germany,458752.0,2301.0,IBM,Linux,65536.0,PowerBQC16C1.6GHz,5008.9,5872.0
2013,11,9,Germany,458752.0,2301.0,IBM,Linux,65536.0,PowerBQC16C1.6GHz,5008.9,5872.0
2013,11,10,United States,393216.0,1972.0,IBM,Linux,65536.0,PowerBQC16C1.6GHz,4293.3,5033.2
2014,6,1,China,3120000.0,17808.0,NUDT,KylinLinux,2277376.0,IntelXeonE5-2692v212C2.2GHz,33862.7,54902.4
2014,6,2,United States,560640.0,8209.0,Cray/HPE,CrayLinuxEnvironment,710144.0,Opteron627416C2.2GHz,17590.0,27112.5
2014,6,3,United States,1572864.0,7890.0,IBM,Linux,65536.0,PowerBQC16C1.6GHz,17173.2,20132.7
2014,6,4,Japan,705024.0,12660.0,Fujitsu,Linux,0.0,SPARC64VIIIfx8C2GHz,10510.0,11280.4
2014,6,5,United States,786432.0,3945.0,IBM,Linux,65536.0,PowerBQC16C1.6GHz,8586.6,10066.3
2014,6,6,Switzerland,115984.0,1754.0,Cray/HPE,CrayLinuxEnvironment,365056.0,XeonE5-2690v312C2.6GHz,6271.0,7788.9
2014,6,7,United States,462462.0,4510.0,DELLEMC,Linux,204800.0,XeonE5-26808C2.7GHz,5168.1,8520.1
2014,6,8,Germany,458752.0,2301.0,IBM,Linux,65536.0,PowerBQC16C1.6GHz,5008.9,5872.0
2014,6,9,Germany,458752.0,2301.0,IBM,Linux,65536.0,PowerBQC16C1.6GHz,5008.9,5872.0
2014,6,10,United States,393216.0,1972.0,IBM,Linux,65536.0,PowerBQC16C1.6GHz,4293.3,5033.2
2014,11,1,China,3120000.0,17808.0,NUDT,KylinLinux,2277376.0,IntelXeonE5-2692v212C2.2GHz,33862.7,54902.4
2014,11,2,United States,560640.0,8209.0,Cray/HPE,CrayLinuxEnvironment,710144.0,Opteron627416C2.2GHz,17590.0,27112.5
2014,11,3,United States,1572864.0,7890.0,IBM,Linux,65536.0,PowerBQC16C1.6GHz,17173.2,20132.7
2014,11,4,Japan,705024.0,12660.0,Fujitsu,Linux,0.0,SPARC64VIIIfx8C2GHz,10510.0,11280.4
2014,11,5,United States,786432.0,3945.0,IBM,Linux,65536.0,PowerBQC16C1.6GHz,8586.6,10066.3
2014,11,6,Switzerland,115984.0,1754.0,Cray/HPE,CrayLinuxEnvironment,365056.0,XeonE5-2690v312C2.6GHz,6271.0,7788.9
2014,11,7,United States,462462.0,4510.0,DELLEMC,Linux,204800.0,XeonE5-26808C2.7GHz,5168.1,8520.1
2014,11,8,Germany,458752.0,2301.0,IBM,Linux,65536.0,PowerBQC16C1.6GHz,5008.9,5872.0
2014,11,9,Germany,458752.0,2301.0,IBM,Linux,65536.0,PowerBQC16C1.6GHz,5008.9,5872.0
2014,11,10,United States,393216.0,1972.0,IBM,Linux,65536.0,PowerBQC16C1.6GHz,4293.3,5033.2
2015,6,1,China,3120000.0,17808.0,NUDT,KylinLinux,2277376.0,IntelXeonE5-2692v212C2.2GHz,33862.7,54902.4
2015,6,2,United States,560640.0,8209.0,Cray/HPE,CrayLinuxEnvironment,710144.0,Opteron627416C2.2GHz,17590.0,27112.5
2015,6,3,United States,1572864.0,7890.0,IBM,Linux,65536.0,PowerBQC16C1.6GHz,17173.2,20132.7
2015,6,4,Japan,705024.0,12660.0,Fujitsu,Linux,0.0,SPARC64VIIIfx8C2GHz,10510.0,11280.4
2015,6,5,United States,786432.0,3945.0,IBM,Linux,65536.0,PowerBQC16C1.6GHz,8586.6,10066.3
2015,6,6,Switzerland,115984.0,1754.0,Cray/HPE,CrayLinuxEnvironment,365056.0,XeonE5-2690v312C2.6GHz,6271.0,7788.9
2015,6,7,Saudi Arabia,196608.0,2834.0,Cray/HPE,CrayLinuxEnvironment,0.0,XeonE5-2698v316C2.3GHz,5537.0,7235.2
2015,6,8,United States,462462.0,4510.0,DELLEMC,Linux,204800.0,XeonE5-26808C2.7GHz,5168.1,8520.1
2015,6,9,Germany,458752.0,2301.0,IBM,Linux,65536.0,PowerBQC16C1.6GHz,5008.9,5872.0
2015,6,10,Germany,458752.0,2301.0,IBM,Linux,65536.0,PowerBQC16C1.6GHz,5008.9,5872.0
2015,11,1,China,3120000.0,17808.0,NUDT,KylinLinux,2277376.0,IntelXeonE5-2692v212C2.2GHz,33862.7,54902.4
2015,11,2,United States,560640.0,8209.0,Cray/HPE,CrayLinuxEnvironment,710144.0,Opteron627416C2.2GHz,17590.0,27112.5
2015,11,3,United States,1572864.0,7890.0,IBM,Linux,65536.0,PowerBQC16C1.6GHz,17173.2,20132.7
2015,11,4,Japan,705024.0,12660.0,Fujitsu,Linux,0.0,SPARC64VIIIfx8C2GHz,10510.0,11280.4
2015,11,5,United States,786432.0,3945.0,IBM,Linux,65536.0,PowerBQC16C1.6GHz,8586.6,10066.3
2015,11,6,United States,301056.0,4233.0,Cray/HPE,CrayLinuxEnvironment,0.0,IntelXeonPhi725068C1.4GHz,8100.9,11078.9
2015,11,7,Switzerland,115984.0,1754.0,Cray/HPE,CrayLinuxEnvironment,365056.0,XeonE5-2690v312C2.6GHz,6271.0,7788.9
2015,11,8,Germany,185088.0,3615.0,Cray/HPE,CrayLinuxEnvironment,0.0,XeonE5-2680v312C2.5GHz,5640.2,7403.5
2015,11,9,Saudi Arabia,196608.0,2834.0,Cray/HPE,CrayLinuxEnvironment,0.0,XeonE5-2698v316C2.3GHz,5537.0,7235.2
2015,11,10,United States,462462.0,4510.0,DELLEMC,Linux,204800.0,XeonE5-26808C2.7GHz,5168.1,8520.1
2016,6,1,China,10649600.0,15371.0,NRCPC,SunwayRaiseOS2.0.5,1310720.0,SunwaySW26010260C1.45GHz,93014.6,125435.9
2016,6,2,China,3120000.0,17808.0,NUDT,KylinLinux,2277376.0,IntelXeonE5-2692v212C2.2GHz,33862.7,54902.4
2016,6,3,United States,560640.0,8209.0,Cray/HPE,CrayLinuxEnvironment,710144.0,Opteron627416C2.2GHz,17590.0,27112.5
2016,6,4,United States,1572864.0,7890.0,IBM,Linux,65536.0,PowerBQC16C1.6GHz,17173.2,20132.7
2016,6,5,Japan,705024.0,12660.0,Fujitsu,Linux,0.0,SPARC64VIIIfx8C2GHz,10510.0,11280.4
2016,6,6,United States,786432.0,3945.0,IBM,Linux,65536.0,PowerBQC16C1.6GHz,8586.6,10066.3
2016,6,7,United States,301056.0,4233.0,Cray/HPE,CrayLinuxEnvironment,0.0,IntelXeonPhi725068C1.4GHz,8100.9,11078.9
2016,6,8,Switzerland,115984.0,1754.0,Cray/HPE,CrayLinuxEnvironment,365056.0,XeonE5-2690v312C2.6GHz,6271.0,7788.9
2016,6,9,Germany,185088.0,3615.0,Cray/HPE,CrayLinuxEnvironment,0.0,XeonE5-2680v312C2.5GHz,5640.2,7403.5
2016,6,10,Saudi Arabia,196608.0,2834.0,Cray/HPE,CrayLinuxEnvironment,0.0,XeonE5-2698v316C2.3GHz,5537.0,7235.2
2016,11,1,China,10649600.0,15371.0,NRCPC,SunwayRaiseOS2.0.5,1310720.0,SunwaySW26010260C1.45GHz,93014.6,125435.9
2016,11,2,China,3120000.0,17808.0,NUDT,KylinLinux,2277376.0,IntelXeonE5-2692v212C2.2GHz,33862.7,54902.4
2016,11,3,United States,560640.0,8209.0,Cray/HPE,CrayLinuxEnvironment,710144.0,Opteron627416C2.2GHz,17590.0,27112.5
2016,11,4,United States,1572864.0,7890.0,IBM,Linux,65536.0,PowerBQC16C1.6GHz,17173.2,20132.7
2016,11,5,United States,622336.0,3939.0,Cray/HPE,CrayLinuxEnvironment,0.0,IntelXeonPhi725068C1.4GHz,14014.7,27880.7
2016,11,6,Japan,556104.0,2719.0,Fujitsu,Linux,919296.0,IntelXeonPhi725068C1.4GHz,13554.6,24913.5
2016,11,7,Japan,705024.0,12660.0,Fujitsu,Linux,0.0,SPARC64VIIIfx8C2GHz,10510.0,11280.4
2016,11,8,Switzerland,206720.0,1312.0,Cray/HPE,CrayLinuxEnvironment,365056.0,XeonE5-2690v312C2.6GHz,9779.0,15988.0
2016,11,9,United States,786432.0,3945.0,IBM,Linux,65536.0,PowerBQC16C1.6GHz,8586.6,10066.3
2016,11,10,United States,301056.0,4233.0,Cray/HPE,CrayLinuxEnvironment,0.0,IntelXeonPhi725068C1.4GHz,8100.9,11078.9
2017,6,1,China,10649600.0,15371.0,NRCPC,SunwayRaiseOS2.0.5,1310720.0,SunwaySW26010260C1.45GHz,93014.6,125435.9
2017,6,2,China,3120000.0,17808.0,NUDT,KylinLinux,2277376.0,IntelXeonE5-2692v212C2.2GHz,33862.7,54902.4
2017,6,3,Switzerland,361760.0,2272.0,Cray/HPE,CrayLinuxEnvironment,365056.0,XeonE5-2690v312C2.6GHz,19590.0,25326.3
2017,6,4,United States,560640.0,8209.0,Cray/HPE,CrayLinuxEnvironment,710144.0,Opteron627416C2.2GHz,17590.0,27112.5
2017,6,5,United States,1572864.0,7890.0,IBM,Linux,65536.0,PowerBQC16C1.6GHz,17173.2,20132.7
2017,6,6,United States,622336.0,3939.0,Cray/HPE,CrayLinuxEnvironment,0.0,IntelXeonPhi725068C1.4GHz,14014.7,27880.7
2017,6,7,Japan,556104.0,2719.0,Fujitsu,Linux,919296.0,IntelXeonPhi725068C1.4GHz,13554.6,24913.5
2017,6,8,Japan,705024.0,12660.0,Fujitsu,Linux,0.0,SPARC64VIIIfx8C2GHz,10510.0,11280.4
2017,6,9,United States,786432.0,3945.0,IBM,Linux,65536.0,PowerBQC16C1.6GHz,8586.6,10066.3
2017,6,10,United States,301056.0,4233.0,Cray/HPE,CrayLinuxEnvironment,0.0,IntelXeonPhi725068C1.4GHz,8100.9,11078.9
2017,11,1,China,10649600.0,15371.0,NRCPC,SunwayRaiseOS2.0.5,1310720.0,SunwaySW26010260C1.45GHz,93014.6,125435.9
2017,11,2,China,3120000.0,17808.0,NUDT,KylinLinux,2277376.0,IntelXeonE5-2692v212C2.2GHz,33862.7,54902.4
2017,11,3,Switzerland,361760.0,2272.0,Cray/HPE,CrayLinuxEnvironment,365056.0,XeonE5-2690v312C2.6GHz,19590.0,25326.3
2017,11,4,Japan,19860000.0,1350.0,ExaScaler,CentOS,575552.0,XeonD-157116C1.3GHz,19135.8,28192.0
2017,11,5,United States,560640.0,8209.0,Cray/HPE,CrayLinuxEnvironment,710144.0,Opteron627416C2.2GHz,17590.0,27112.5
2017,11,6,United States,1572864.0,7890.0,IBM,Linux,65536.0,PowerBQC16C1.6GHz,17173.2,20132.7
2017,11,7,United States,979968.0,3844.0,Cray/HPE,CrayLinuxEnvironment,0.0,IntelXeonPhi725068C1.4GHz,14137.3,43902.6
2017,11,8,United States,622336.0,3939.0,Cray/HPE,CrayLinuxEnvironment,0.0,IntelXeonPhi725068C1.4GHz,14014.7,27880.7
2017,11,9,Japan,556104.0,2719.0,Fujitsu,Linux,919296.0,IntelXeonPhi725068C1.4GHz,13554.6,24913.5
2017,11,10,Japan,705024.0,12660.0,Fujitsu,Linux,0.0,SPARC64VIIIfx8C2GHz,10510.0,11280.4
2018,6,1,United States,2282544.0,8806.0,IBM,RHEL7.4,2801664.0,IBMPOWER922C3.07GHz,122300.0,187659.3
2018,6,2,China,10649600.0,15371.0,NRCPC,SunwayRaiseOS2.0.5,1310720.0,SunwaySW26010260C1.45GHz,93014.6,125435.9
2018,6,3,United States,1572480.0,,IBM/NVIDIA/Mellanox,RedHatEnterpriseLinux,1382400.0,IBMPOWER922C3.1GHz,71610.0,119193.6
2018,6,4,China,4981760.0,18482.0,NUDT,KylinLinux,2277376.0,IntelXeonE5-2692v212C2.2GHz,61444.5,100678.7
2018,6,5,Japan,391680.0,1649.0,Fujitsu,Linux,417792.0,XeonGold614820C2.4GHz,19880.0,32576.6
2018,6,6,Switzerland,361760.0,2272.0,Cray/HPE,CrayLinuxEnvironment,365056.0,XeonE5-2690v312C2.6GHz,19590.0,25326.3
2018,6,7,United States,560640.0,8209.0,Cray/HPE,CrayLinuxEnvironment,710144.0,Opteron627416C2.2GHz,17590.0,27112.5
2018,6,8,United States,1572864.0,7890.0,IBM,Linux,65536.0,PowerBQC16C1.6GHz,17173.2,20132.7
2018,6,9,United States,979968.0,3844.0,Cray/HPE,CrayLinuxEnvironment,0.0,IntelXeonPhi725068C1.4GHz,14137.3,43902.6
2018,6,10,United States,622336.0,3939.0,Cray/HPE,CrayLinuxEnvironment,0.0,IntelXeonPhi725068C1.4GHz,14014.7,27880.7
2018,11,1,United States,2397824.0,9783.0,IBM,RHEL7.4,2801664.0,IBMPOWER922C3.07GHz,143500.0,200794.9
2018,11,2,United States,1572480.0,7438.0,IBM/NVIDIA/Mellanox,RedHatEnterpriseLinux,1382400.0,IBMPOWER922C3.1GHz,94640.0,125712.0
2018,11,3,China,10649600.0,15371.0,NRCPC,SunwayRaiseOS2.0.5,1310720.0,SunwaySW26010260C1.45GHz,93014.6,125435.9
2018,11,4,China,4981760.0,18482.0,NUDT,KylinLinux,2277376.0,IntelXeonE5-2692v212C2.2GHz,61444.5,100678.7
2018,11,5,Switzerland,387872.0,2384.0,Cray/HPE,CrayLinuxEnvironment,365056.0,XeonE5-2690v312C2.6GHz,21230.0,27154.3
2018,11,6,United States,979072.0,7578.0,Cray/HPE,CrayLinuxEnvironment,0.0,IntelXeonPhi725068C1.4GHz,20158.7,41461.2
2018,11,7,Japan,391680.0,1649.0,Fujitsu,Linux,417792.0,XeonGold614820C2.4GHz,19880.0,32576.6
2018,11,8,Germany,305856.0,,Lenovo,SUSELinuxEnterpriseServer12SP3,75840.0,XeonPlatinum817424C3.1GHz,19476.6,26873.9
2018,11,9,United States,560640.0,8209.0,Cray/HPE,CrayLinuxEnvironment,710144.0,Opteron627416C2.2GHz,17590.0,27112.5
2018,11,10,United States,1572864.0,7890.0,IBM,Linux,65536.0,PowerBQC16C1.6GHz,17173.2,20132.7
2019,6,1,United States,2414592.0,10096.0,IBM,RHEL7.4,2801664.0,IBMPOWER922C3.07GHz,148600.0,200794.9
2019,6,2,United States,1572480.0,7438.0,IBM/NVIDIA/Mellanox,RedHatEnterpriseLinux,1382400.0,IBMPOWER922C3.1GHz,94640.0,125712.0
2019,6,3,China,10649600.0,15371.0,NRCPC,SunwayRaiseOS2.0.5,1310720.0,SunwaySW26010260C1.45GHz,93014.6,125435.9
2019,6,4,China,4981760.0,18482.0,NUDT,KylinLinux,2277376.0,IntelXeonE5-2692v212C2.2GHz,61444.5,100678.7
2019,6,5,United States,448448.0,,DELLEMC,CentOSLinux7,1537536.0,XeonPlatinum828028C2.7GHz,23516.4,38745.9
2019,6,6,Switzerland,387872.0,2384.0,Cray/HPE,CrayLinuxEnvironment,365056.0,XeonE5-2690v312C2.6GHz,21230.0,27154.3
2019,6,7,United States,979072.0,7578.0,Cray/HPE,CrayLinuxEnvironment,0.0,IntelXeonPhi725068C1.4GHz,20158.7,41461.2
2019,6,8,Japan,391680.0,1649.0,Fujitsu,Linux,417792.0,XeonGold614820C2.4GHz,19880.0,32576.6
2019,6,9,Germany,305856.0,,Lenovo,SUSELinuxEnterpriseServer12SP3,75840.0,XeonPlatinum817424C3.1GHz,19476.6,26873.9
2019,6,10,United States,288288.0,,IBM/NVIDIA/Mellanox,RedHatEnterpriseLinux,253440.0,IBMPOWER922C3.1GHz,18200.0,23047.2
2019,11,1,United States,2414592.0,10096.0,IBM,RHEL7.4,2801664.0,IBMPOWER922C3.07GHz,148600.0,200794.9
2019,11,2,United States,1572480.0,7438.0,IBM/NVIDIA/Mellanox,RedHatEnterpriseLinux,1382400.0,IBMPOWER922C3.1GHz,94640.0,125712.0
2019,11,3,China,10649600.0,15371.0,NRCPC,SunwayRaiseOS2.0.5,1310720.0,SunwaySW26010260C1.45GHz,93014.6,125435.9
2019,11,4,China,4981760.0,18482.0,NUDT,KylinLinux,2277376.0,IntelXeonE5-2692v212C2.2GHz,61444.5,100678.7
2019,11,5,United States,448448.0,,DELLEMC,CentOSLinux7,1537536.0,XeonPlatinum828028C2.7GHz,23516.4,38745.9
2019,11,6,Switzerland,387872.0,2384.0,Cray/HPE,CrayLinuxEnvironment,365056.0,XeonE5-2690v312C2.6GHz,21230.0,27154.3
2019,11,7,United States,979072.0,7578.0,Cray/HPE,CrayLinuxEnvironment,0.0,IntelXeonPhi725068C1.4GHz,20158.7,41461.2
2019,11,8,Japan,391680.0,1649.0,Fujitsu,Linux,417792.0,XeonGold614820C2.4GHz,19880.0,32576.6
2019,11,9,Germany,305856.0,,Lenovo,SUSELinuxEnterpriseServer12SP3,75840.0,XeonPlatinum817424C3.1GHz,19476.6,26873.9
2019,11,10,United States,288288.0,,IBM/NVIDIA/Mellanox,RedHatEnterpriseLinux,253440.0,IBMPOWER922C3.1GHz,18200.0,23047.2
2020,6,1,Japan,7299072.0,28335.0,Fujitsu,RedHatEnterpriseLinux,5087232.0,A64FX48C2.2GHz,415530.0,513854.7
2020,6,2,United States,2414592.0,10096.0,IBM,RHEL7.4,2801664.0,IBMPOWER922C3.07GHz,148600.0,200794.9
2020,6,3,United States,1572480.0,7438.0,IBM/NVIDIA/Mellanox,RedHatEnterpriseLinux,1382400.0,IBMPOWER922C3.1GHz,94640.0,125712.0
2020,6,4,China,10649600.0,15371.0,NRCPC,SunwayRaiseOS2.0.5,1310720.0,SunwaySW26010260C1.45GHz,93014.6,125435.9
2020,6,5,China,4981760.0,18482.0,NUDT,KylinLinux,2277376.0,IntelXeonE5-2692v212C2.2GHz,61444.5,100678.7
2020,6,6,Italy,669760.0,2252.0,DELLEMC,CentOSLinux7,349440.0,XeonGold625224C2.1GHz,35450.0,51720.8
2020,6,7,United States,277760.0,1344.0,Nvidia,Ubuntu20.04.1LTS,1120000.0,AMDEPYC774264C2.25GHz,27580.0,34568.6
2020,6,8,United States,448448.0,,DELLEMC,CentOSLinux7,1537536.0,XeonPlatinum828028C2.7GHz,23516.4,38745.9
2020,6,9,Italy,347776.0,1476.0,IBM,RHEL7.6,252928.0,IBMPOWER916C3GHz,21640.0,29354.0
2020,6,10,Switzerland,387872.0,2384.0,Cray/HPE,CrayLinuxEnvironment,365056.0,XeonE5-2690v312C2.6GHz,21230.0,27154.3
2020,11,1,Japan,7630848.0,29899.0,Fujitsu,RedHatEnterpriseLinux,5087232.0,A64FX48C2.2GHz,442010.0,537212.0
2020,11,2,United States,2414592.0,10096.0,IBM,RHEL7.4,2801664.0,IBMPOWER922C3.07GHz,148600.0,200794.9
2020,11,3,United States,1572480.0,7438.0,IBM/NVIDIA/Mellanox,RedHatEnterpriseLinux,1382400.0,IBMPOWER922C3.1GHz,94640.0,125712.0
2020,11,4,China,10649600.0,15371.0,NRCPC,SunwayRaiseOS2.0.5,1310720.0,SunwaySW26010260C1.45GHz,93014.6,125435.9
2020,11,5,United States,555520.0,2646.0,Nvidia,Ubuntu20.04.1LTS,1120000.0,AMDEPYC774264C2.25GHz,63460.0,79215.0
2020,11,6,China,4981760.0,18482.0,NUDT,KylinLinux,2277376.0,IntelXeonE5-2692v212C2.2GHz,61444.5,100678.7
2020,11,7,Germany,449280.0,1764.0,Atos,CentOS,628992.0,AMDEPYC740224C2.8GHz,44120.0,70980.0
2020,11,8,Italy,669760.0,2252.0,DELLEMC,CentOSLinux7,349440.0,XeonGold625224C2.1GHz,35450.0,51720.8
2020,11,9,United States,448448.0,,DELLEMC,CentOSLinux7,1537536.0,XeonPlatinum828028C2.7GHz,23516.4,38745.9
2020,11,10,Saudi Arabia,672520.0,,HPE,RHEL7.7,506368.0,XeonGold624820C2.5GHz,22400.0,55423.6
2021,6,1,Japan,7630848.0,29899.0,Fujitsu,RedHatEnterpriseLinux,5087232.0,A64FX48C2.2GHz,442010.0,537212.0
2021,6,2,United States,2414592.0,10096.0,IBM,RHEL7.4,2801664.0,IBMPOWER922C3.07GHz,148600.0,200794.9
2021,6,3,United States,1572480.0,7438.0,IBM/NVIDIA/Mellanox,RedHatEnterpriseLinux,1382400.0,IBMPOWER922C3.1GHz,94640.0,125712.0
2021,6,4,China,10649600.0,15371.0,NRCPC,SunwayRaiseOS2.0.5,1310720.0,SunwaySW26010260C1.45GHz,93014.6,125435.9
2021,6,5,United States,706304.0,2528.0,HPE,HPECrayOS,420864.0,AMDEPYC776364C2.45GHz,64590.0,89794.5
2021,6,6,United States,555520.0,2646.0,Nvidia,Ubuntu20.04.1LTS,1120000.0,AMDEPYC774264C2.25GHz,63460.0,79215.0
2021,6,7,China,4981760.0,18482.0,NUDT,KylinLinux,2277376.0,IntelXeonE5-2692v212C2.2GHz,61444.5,100678.7
2021,6,8,Germany,449280.0,1764.0,Atos,CentOS,628992.0,AMDEPYC740224C2.8GHz,44120.0,70980.0
2021,6,9,Italy,669760.0,2252.0,DELLEMC,CentOSLinux7,349440.0,XeonGold625224C2.1GHz,35450.0,51720.8
2021,6,10,United States,448448.0,,DELLEMC,CentOSLinux7,1537536.0,XeonPlatinum828028C2.7GHz,23516.4,38745.9
2021,11,1,Japan,7630848.0,29899.0,Fujitsu,RedHatEnterpriseLinux,5087232.0,A64FX48C2.2GHz,442010.0,537212.0
2021,11,2,United States,2414592.0,10096.0,IBM,RHEL7.4,2801664.0,IBMPOWER922C3.07GHz,148600.0,200794.9
2021,11,3,United States,1572480.0,7438.0,IBM/NVIDIA/Mellanox,RedHatEnterpriseLinux,1382400.0,IBMPOWER922C3.1GHz,94640.0,125712.0
2021,11,4,China,10649600.0,15371.0,NRCPC,SunwayRaiseOS2.0.5,1310720.0,SunwaySW26010260C1.45GHz,93014.6,125435.9
2021,11,5,United States,761856.0,2589.0,HPE,HPECrayOS,420864.0,AMDEPYC776364C2.45GHz,70870.0,93750.0
2021,11,6,United States,555520.0,2646.0,Nvidia,Ubuntu20.04.1LTS,1120000.0,AMDEPYC774264C2.25GHz,63460.0,79215.0
2021,11,7,China,4981760.0,18482.0,NUDT,KylinLinux,2277376.0,IntelXeonE5-2692v212C2.2GHz,61444.5,100678.7
2021,11,8,Germany,449280.0,1764.0,Atos,CentOS,628992.0,AMDEPYC740224C2.8GHz,44120.0,70980.0
2021,11,9,Italy,669760.0,2252.0,DELLEMC,CentOSLinux7,349440.0,XeonGold625224C2.1GHz,35450.0,51720.8
2021,11,10,United States,253440.0,,MicrosoftAzure,Ubuntu18.04LTS,486552.0,AMDEPYC7V1248C2.45GHz,30050.0,39531.2
